ap_id,channel,hour_utc,timestamp_utc,utilisation_pct,time_window
AP-1,36,0,2026-09-01T00:00:00Z,17.5,low_load
AP-1,36,1,2026-09-01T01:00:00Z,14.5,low_load
AP-1,36,2,2026-09-01T02:00:00Z,20.2,low_load
AP-1,36,3,2026-09-01T03:00:00Z,14.3,low_load
AP-1,36,4,2026-09-01T04:00:00Z,20.8,low_load
AP-1,36,5,2026-09-01T05:00:00Z,21.3,low_load
AP-1,36,6,2026-09-01T06:00:00Z,34.2,standard_clinical
AP-1,36,7,2026-09-01T07:00:00Z,75.5,peak_clinical
AP-1,36,8,2026-09-01T08:00:00Z,66.7,peak_clinical
AP-1,36,9,2026-09-01T09:00:00Z,66.2,peak_clinical
AP-1,36,10,2026-09-01T10:00:00Z,39.2,standard_clinical
AP-1,36,11,2026-09-01T11:00:00Z,46.2,standard_clinical
AP-1,36,12,2026-09-01T12:00:00Z,51.7,standard_clinical
AP-1,36,13,2026-09-01T13:00:00Z,31.0,standard_clinical
AP-1,36,14,2026-09-01T14:00:00Z,46.0,standard_clinical
AP-1,36,15,2026-09-01T15:00:00Z,39.5,standard_clinical
AP-1,36,16,2026-09-01T16:00:00Z,33.4,standard_clinical
AP-1,36,17,2026-09-01T17:00:00Z,51.0,standard_clinical
AP-1,36,18,2026-09-01T18:00:00Z,41.5,standard_clinical
AP-1,36,19,2026-09-01T19:00:00Z,53.5,standard_clinical
AP-1,36,20,2026-09-01T20:00:00Z,53.4,standard_clinical
AP-1,36,21,2026-09-01T21:00:00Z,30.0,standard_clinical
AP-1,36,22,2026-09-01T22:00:00Z,12.6,low_load
AP-1,36,23,2026-09-01T23:00:00Z,22.3,low_load
AP-2,40,0,2026-09-01T00:00:00Z,20.2,low_load
AP-2,40,1,2026-09-01T01:00:00Z,15.5,low_load
AP-2,40,2,2026-09-01T02:00:00Z,22.0,low_load
AP-2,40,3,2026-09-01T03:00:00Z,20.0,low_load
AP-2,40,4,2026-09-01T04:00:00Z,14.0,low_load
AP-2,40,5,2026-09-01T05:00:00Z,19.4,low_load
AP-2,40,6,2026-09-01T06:00:00Z,49.9,standard_clinical
AP-2,40,7,2026-09-01T07:00:00Z,78.6,peak_clinical
AP-2,40,8,2026-09-01T08:00:00Z,61.6,peak_clinical
AP-2,40,9,2026-09-01T09:00:00Z,78.8,peak_clinical
AP-2,40,10,2026-09-01T10:00:00Z,39.2,standard_clinical
AP-2,40,11,2026-09-01T11:00:00Z,48.5,standard_clinical
AP-2,40,12,2026-09-01T12:00:00Z,34.4,standard_clinical
AP-2,40,13,2026-09-01T13:00:00Z,37.6,standard_clinical
AP-2,40,14,2026-09-01T14:00:00Z,31.8,standard_clinical
AP-2,40,15,2026-09-01T15:00:00Z,40.6,standard_clinical
AP-2,40,16,2026-09-01T16:00:00Z,40.2,standard_clinical
AP-2,40,17,2026-09-01T17:00:00Z,40.5,standard_clinical
AP-2,40,18,2026-09-01T18:00:00Z,46.1,standard_clinical
AP-2,40,19,2026-09-01T19:00:00Z,30.7,standard_clinical
AP-2,40,20,2026-09-01T20:00:00Z,46.2,standard_clinical
AP-2,40,21,2026-09-01T21:00:00Z,44.2,standard_clinical
AP-2,40,22,2026-09-01T22:00:00Z,14.0,low_load
AP-2,40,23,2026-09-01T23:00:00Z,10.7,low_load
AP-3,36,0,2026-09-01T00:00:00Z,14.7,low_load
AP-3,36,1,2026-09-01T01:00:00Z,16.0,low_load
AP-3,36,2,2026-09-01T02:00:00Z,17.3,low_load
AP-3,36,3,2026-09-01T03:00:00Z,13.7,low_load
AP-3,36,4,2026-09-01T04:00:00Z,16.4,low_load
AP-3,36,5,2026-09-01T05:00:00Z,14.0,low_load
AP-3,36,6,2026-09-01T06:00:00Z,51.0,standard_clinical
AP-3,36,7,2026-09-01T07:00:00Z,81.1,peak_clinical
AP-3,36,8,2026-09-01T08:00:00Z,68.1,peak_clinical
AP-3,36,9,2026-09-01T09:00:00Z,65.0,peak_clinical
AP-3,36,10,2026-09-01T10:00:00Z,47.9,standard_clinical
AP-3,36,11,2026-09-01T11:00:00Z,30.6,standard_clinical
AP-3,36,12,2026-09-01T12:00:00Z,38.0,standard_clinical
AP-3,36,13,2026-09-01T13:00:00Z,51.3,standard_clinical
AP-3,36,14,2026-09-01T14:00:00Z,48.3,standard_clinical
AP-3,36,15,2026-09-01T15:00:00Z,33.5,standard_clinical
AP-3,36,16,2026-09-01T16:00:00Z,40.2,standard_clinical
AP-3,36,17,2026-09-01T17:00:00Z,31.7,standard_clinical
AP-3,36,18,2026-09-01T18:00:00Z,54.7,standard_clinical
AP-3,36,19,2026-09-01T19:00:00Z,37.5,standard_clinical
AP-3,36,20,2026-09-01T20:00:00Z,31.5,standard_clinical
AP-3,36,21,2026-09-01T21:00:00Z,46.6,standard_clinical
AP-3,36,22,2026-09-01T22:00:00Z,23.4,low_load
AP-3,36,23,2026-09-01T23:00:00Z,21.5,low_load
AP-4,44,0,2026-09-01T00:00:00Z,22.5,low_load
AP-4,44,1,2026-09-01T01:00:00Z,17.2,low_load
AP-4,44,2,2026-09-01T02:00:00Z,15.2,low_load
AP-4,44,3,2026-09-01T03:00:00Z,23.3,low_load
AP-4,44,4,2026-09-01T04:00:00Z,20.7,low_load
AP-4,44,5,2026-09-01T05:00:00Z,12.9,low_load
AP-4,44,6,2026-09-01T06:00:00Z,33.0,standard_clinical
AP-4,44,7,2026-09-01T07:00:00Z,75.2,peak_clinical
AP-4,44,8,2026-09-01T08:00:00Z,68.4,peak_clinical
AP-4,44,9,2026-09-01T09:00:00Z,81.1,peak_clinical
AP-4,44,10,2026-09-01T10:00:00Z,40.3,standard_clinical
AP-4,44,11,2026-09-01T11:00:00Z,36.2,standard_clinical
AP-4,44,12,2026-09-01T12:00:00Z,52.8,standard_clinical
AP-4,44,13,2026-09-01T13:00:00Z,45.5,standard_clinical
AP-4,44,14,2026-09-01T14:00:00Z,52.3,standard_clinical
AP-4,44,15,2026-09-01T15:00:00Z,39.1,standard_clinical
AP-4,44,16,2026-09-01T16:00:00Z,48.2,standard_clinical
AP-4,44,17,2026-09-01T17:00:00Z,53.7,standard_clinical
AP-4,44,18,2026-09-01T18:00:00Z,48.7,standard_clinical
AP-4,44,19,2026-09-01T19:00:00Z,34.7,standard_clinical
AP-4,44,20,2026-09-01T20:00:00Z,54.8,standard_clinical
AP-4,44,21,2026-09-01T21:00:00Z,34.1,standard_clinical
AP-4,44,22,2026-09-01T22:00:00Z,22.9,low_load
AP-4,44,23,2026-09-01T23:00:00Z,16.0,low_load
AP-5,48,0,2026-09-01T00:00:00Z,18.8,low_load
AP-5,48,1,2026-09-01T01:00:00Z,14.2,low_load
AP-5,48,2,2026-09-01T02:00:00Z,18.2,low_load
AP-5,48,3,2026-09-01T03:00:00Z,10.9,low_load
AP-5,48,4,2026-09-01T04:00:00Z,16.6,low_load
AP-5,48,5,2026-09-01T05:00:00Z,19.4,low_load
AP-5,48,6,2026-09-01T06:00:00Z,39.5,standard_clinical
AP-5,48,7,2026-09-01T07:00:00Z,67.0,peak_clinical
AP-5,48,8,2026-09-01T08:00:00Z,72.7,peak_clinical
AP-5,48,9,2026-09-01T09:00:00Z,75.7,peak_clinical
AP-5,48,10,2026-09-01T10:00:00Z,51.7,standard_clinical
AP-5,48,11,2026-09-01T11:00:00Z,30.9,standard_clinical
AP-5,48,12,2026-09-01T12:00:00Z,54.6,standard_clinical
AP-5,48,13,2026-09-01T13:00:00Z,48.4,standard_clinical
AP-5,48,14,2026-09-01T14:00:00Z,0.0,standard_clinical
AP-5,48,15,2026-09-01T15:00:00Z,0.0,standard_clinical
AP-5,48,16,2026-09-01T16:00:00Z,41.5,standard_clinical
AP-5,48,17,2026-09-01T17:00:00Z,32.0,standard_clinical
AP-5,48,18,2026-09-01T18:00:00Z,31.0,standard_clinical
AP-5,48,19,2026-09-01T19:00:00Z,31.7,standard_clinical
AP-5,48,20,2026-09-01T20:00:00Z,30.9,standard_clinical
AP-5,48,21,2026-09-01T21:00:00Z,33.4,standard_clinical
AP-5,48,22,2026-09-01T22:00:00Z,25.0,low_load
AP-5,48,23,2026-09-01T23:00:00Z,24.5,low_load
AP-6,149,0,2026-09-01T00:00:00Z,17.9,low_load
AP-6,149,1,2026-09-01T01:00:00Z,10.1,low_load
AP-6,149,2,2026-09-01T02:00:00Z,15.9,low_load
AP-6,149,3,2026-09-01T03:00:00Z,19.6,low_load
AP-6,149,4,2026-09-01T04:00:00Z,24.1,low_load
AP-6,149,5,2026-09-01T05:00:00Z,11.6,low_load
AP-6,149,6,2026-09-01T06:00:00Z,48.5,standard_clinical
AP-6,149,7,2026-09-01T07:00:00Z,72.1,peak_clinical
AP-6,149,8,2026-09-01T08:00:00Z,77.9,peak_clinical
AP-6,149,9,2026-09-01T09:00:00Z,76.3,peak_clinical
AP-6,149,10,2026-09-01T10:00:00Z,30.6,standard_clinical
AP-6,149,11,2026-09-01T11:00:00Z,36.4,standard_clinical
AP-6,149,12,2026-09-01T12:00:00Z,31.7,standard_clinical
AP-6,149,13,2026-09-01T13:00:00Z,31.4,standard_clinical
AP-6,149,14,2026-09-01T14:00:00Z,54.2,standard_clinical
AP-6,149,15,2026-09-01T15:00:00Z,48.1,standard_clinical
AP-6,149,16,2026-09-01T16:00:00Z,41.0,standard_clinical
AP-6,149,17,2026-09-01T17:00:00Z,47.5,standard_clinical
AP-6,149,18,2026-09-01T18:00:00Z,47.2,standard_clinical
AP-6,149,19,2026-09-01T19:00:00Z,48.3,standard_clinical
AP-6,149,20,2026-09-01T20:00:00Z,50.1,standard_clinical
AP-6,149,21,2026-09-01T21:00:00Z,52.9,standard_clinical
AP-6,149,22,2026-09-01T22:00:00Z,12.6,low_load
AP-6,149,23,2026-09-01T23:00:00Z,10.5,low_load
AP-7,153,0,2026-09-01T00:00:00Z,18.5,low_load
AP-7,153,1,2026-09-01T01:00:00Z,13.1,low_load
AP-7,153,2,2026-09-01T02:00:00Z,20.7,low_load
AP-7,153,3,2026-09-01T03:00:00Z,16.2,low_load
AP-7,153,4,2026-09-01T04:00:00Z,10.8,low_load
AP-7,153,5,2026-09-01T05:00:00Z,14.0,low_load
AP-7,153,6,2026-09-01T06:00:00Z,33.3,standard_clinical
AP-7,153,7,2026-09-01T07:00:00Z,61.5,peak_clinical
AP-7,153,8,2026-09-01T08:00:00Z,61.0,peak_clinical
AP-7,153,9,2026-09-01T09:00:00Z,81.2,peak_clinical
AP-7,153,10,2026-09-01T10:00:00Z,47.1,standard_clinical
AP-7,153,11,2026-09-01T11:00:00Z,35.2,standard_clinical
AP-7,153,12,2026-09-01T12:00:00Z,30.7,standard_clinical
AP-7,153,13,2026-09-01T13:00:00Z,38.7,standard_clinical
AP-7,153,14,2026-09-01T14:00:00Z,49.6,standard_clinical
AP-7,153,15,2026-09-01T15:00:00Z,35.4,standard_clinical
AP-7,153,16,2026-09-01T16:00:00Z,39.1,standard_clinical
AP-7,153,17,2026-09-01T17:00:00Z,43.1,standard_clinical
AP-7,153,18,2026-09-01T18:00:00Z,41.4,standard_clinical
AP-7,153,19,2026-09-01T19:00:00Z,37.9,standard_clinical
AP-7,153,20,2026-09-01T20:00:00Z,39.7,standard_clinical
AP-7,153,21,2026-09-01T21:00:00Z,30.4,standard_clinical
AP-7,153,22,2026-09-01T22:00:00Z,16.5,low_load
AP-7,153,23,2026-09-01T23:00:00Z,24.5,low_load
AP-8,153,0,2026-09-01T00:00:00Z,15.4,low_load
AP-8,153,1,2026-09-01T01:00:00Z,11.7,low_load
AP-8,153,2,2026-09-01T02:00:00Z,11.7,low_load
AP-8,153,3,2026-09-01T03:00:00Z,17.8,low_load
AP-8,153,4,2026-09-01T04:00:00Z,15.2,low_load
AP-8,153,5,2026-09-01T05:00:00Z,11.1,low_load
AP-8,153,6,2026-09-01T06:00:00Z,40.1,standard_clinical
AP-8,153,7,2026-09-01T07:00:00Z,74.2,peak_clinical
AP-8,153,8,2026-09-01T08:00:00Z,63.0,peak_clinical
AP-8,153,9,2026-09-01T09:00:00Z,78.0,peak_clinical
AP-8,153,10,2026-09-01T10:00:00Z,53.3,standard_clinical
AP-8,153,11,2026-09-01T11:00:00Z,41.9,standard_clinical
AP-8,153,12,2026-09-01T12:00:00Z,47.1,standard_clinical
AP-8,153,13,2026-09-01T13:00:00Z,31.6,standard_clinical
AP-8,153,14,2026-09-01T14:00:00Z,49.5,standard_clinical
AP-8,153,15,2026-09-01T15:00:00Z,43.5,standard_clinical
AP-8,153,16,2026-09-01T16:00:00Z,32.9,standard_clinical
AP-8,153,17,2026-09-01T17:00:00Z,54.1,standard_clinical
AP-8,153,18,2026-09-01T18:00:00Z,33.1,standard_clinical
AP-8,153,19,2026-09-01T19:00:00Z,32.0,standard_clinical
AP-8,153,20,2026-09-01T20:00:00Z,47.7,standard_clinical
AP-8,153,21,2026-09-01T21:00:00Z,34.4,standard_clinical
AP-8,153,22,2026-09-01T22:00:00Z,20.9,low_load
AP-8,153,23,2026-09-01T23:00:00Z,22.7,low_load
