day_number,date,sla_compliance_pct,sla_target_pct,meets_accreditation_sla,estimated_dead_zone_cells,total_telemetry_samples,operational_status
1,2026-08-09,96.61,95.0,True,163,2184,Normal Clinical Operations
2,2026-08-10,98.77,95.0,True,59,1893,Normal Clinical Operations
3,2026-08-11,97.37,95.0,True,126,2153,Normal Clinical Operations
4,2026-08-12,100.0,95.0,True,0,1998,Normal Clinical Operations
5,2026-08-13,95.43,95.0,True,219,1870,Normal Clinical Operations
6,2026-08-14,98.32,95.0,True,81,2129,Normal Clinical Operations
7,2026-08-15,98.46,95.0,True,74,2009,Normal Clinical Operations
8,2026-08-16,98.54,95.0,True,70,1827,Normal Clinical Operations
9,2026-08-17,99.03,95.0,True,47,1866,Normal Clinical Operations
10,2026-08-18,100.0,95.0,True,0,2032,Normal Clinical Operations
11,2026-08-19,96.9,95.0,True,149,2134,Normal Clinical Operations
12,2026-08-20,98.98,95.0,True,49,2073,Normal Clinical Operations
13,2026-08-21,96.72,95.0,True,157,1982,Normal Clinical Operations
14,2026-08-22,100.0,95.0,True,0,1819,Normal Clinical Operations
15,2026-08-23,91.2,95.0,False,422,2174,AP-5 Offline in Ward E (14:00-16:00 UTC)
16,2026-08-24,97.52,95.0,True,119,2003,Normal Clinical Operations
17,2026-08-25,97.98,95.0,True,97,1960,Normal Clinical Operations
18,2026-08-26,97.9,95.0,True,101,2006,Normal Clinical Operations
19,2026-08-27,99.88,95.0,True,6,1853,Normal Clinical Operations
20,2026-08-28,98.53,95.0,True,71,1852,Normal Clinical Operations
21,2026-08-29,96.25,95.0,True,180,1998,Normal Clinical Operations
22,2026-08-30,93.5,95.0,False,312,2069,Microwave CH36 Co-channel interference burst
23,2026-08-31,99.08,95.0,True,44,1984,Normal Clinical Operations
24,2026-09-01,98.78,95.0,True,59,2086,Normal Clinical Operations
25,2026-09-02,98.68,95.0,True,63,2083,Normal Clinical Operations
26,2026-09-03,99.74,95.0,True,12,1949,Normal Clinical Operations
27,2026-09-04,96.26,95.0,True,180,2052,Normal Clinical Operations
28,2026-09-05,97.72,95.0,True,109,2136,Normal Clinical Operations
29,2026-09-06,98.32,95.0,True,81,1803,Normal Clinical Operations
30,2026-09-07,97.86,95.0,True,103,1965,Normal Clinical Operations
31,2026-09-08,98.96,95.0,True,50,1841,Normal Clinical Operations
